Trophy_Count,Current_Win_Streak,Favourite_Win_Condition,Play_Style,Evolution,Win_Percentage,Average_Elixir_Cost,Win_Condition_Level,Win_Probability,Win
4331,2,Royal Giant,passive,False,44.66,4.1,14,26.66,1
5319,1,P.E.K.K.A,balanced,True,59.44,2.8,13,69.47,0
7101,2,Royal Hogs,balanced,False,51.29,6.4,12,55.09,1
5115,19,Royal Recruits,aggressive,False,41.21,6.6,14,69.58,1
8962,14,Graveyard,aggressive,False,46.54,2.1,11,86.81,0
5445,14,Mega Knight,balanced,True,53.66,3.8,15,82.54,0
3407,7,Goblin Drill,aggressive,True,56.04,3.3,12,61.11,1
4460,3,Golem,passive,True,41.22,6.3,13,35.3,1
8437,8,Royal Recruits,balanced,True,58.76,6.6,14,91.7,1
3578,10,Hog Rider,balanced,True,53.04,4.3,15,58.97,0
1891,0,Royal Recruits,aggressive,True,42.22,2.2,15,24.45,0
3119,13,Wall Breakers,aggressive,False,52.55,6.1,12,54.69,0
1447,10,Goblin Barrel,aggressive,False,49.48,6.9,13,34.23,1
3708,16,Hog Rider,balanced,True,48.42,6.7,12,68.54,0
7397,12,Elixir Golem,passive,False,52.6,2.0,14,72.19,0
2822,13,Royal Recruits,aggressive,False,50.33,2.5,11,54.77,0
2381,13,Hog Rider,passive,True,50.28,6.6,14,44.47,1
2708,15,Royal Hogs,aggressive,True,45.17,2.5,12,61.54,1
3020,11,Lava Hound,passive,False,42.17,2.4,11,46.1,1
3816,4,Elixir Golem,aggressive,False,55.38,6.4,14,43.84,1
3257,4,Royal Recruits,passive,True,55.76,2.2,15,45.8,1
2239,2,Wall Breakers,balanced,False,55.12,6.6,11,39.43,1
4751,9,P.E.K.K.A,aggressive,False,44.03,6.7,12,49.75,0
3504,9,Lava Hound,passive,True,50.4,4.6,12,44.32,1
1835,1,Elixir Golem,passive,True,44.16,3.4,11,25.18,0
5590,18,X-Bow,passive,False,59.66,3.7,15,88.27,0
2592,1,Elixir Golem,aggressive,False,42.17,2.4,14,25.96,1
7577,6,Goblin Drill,aggressive,True,49.7,3.1,11,68.88,0
3127,4,Graveyard,aggressive,True,58.84,6.4,13,53.32,0
3511,7,Hog Rider,passive,False,49.09,6.2,12,34.55,0
4234,9,X-Bow,aggressive,False,46.01,6.3,15,44.17,1
2887,1,Royal Hogs,balanced,True,56.71,5.1,14,45.86,1
6221,16,Goblin Barrel,aggressive,True,45.19,6.9,14,74.11,1
8964,5,P.E.K.K.A,balanced,True,53.38,5.0,15,76.58,0
1286,1,Royal Recruits,balanced,False,41.19,4.2,14,19.43,1
2361,4,Goblin Barrel,passive,True,44.08,4.1,12,27.8,1
3719,17,Goblin Barrel,passive,False,47.84,5.0,15,52.59,1
1221,11,Royal Giant,aggressive,True,45.87,3.4,14,44.11,0
7168,5,Royal Recruits,passive,False,57.65,3.7,14,67.14,1
6206,15,P.E.K.K.A,passive,True,51.61,4.8,11,73.25,0
6452,5,Lava Hound,passive,True,54.52,2.6,11,65.3,0
1994,6,Graveyard,balanced,False,51.33,4.6,13,36.63,0
8765,1,Elixir Golem,aggressive,True,59.87,4.8,15,75.56,0
4134,8,Graveyard,aggressive,True,41.54,3.9,12,54.67,0
5545,14,Goblin Barrel,aggressive,True,59.27,3.2,13,91.27,0
3874,8,Goblin Drill,aggressive,False,53.03,4.1,14,47.43,0
4323,13,Goblin Barrel,balanced,True,40.57,2.4,13,69.62,1
2426,5,Royal Hogs,passive,True,44.44,6.4,13,29.13,1
4996,0,Graveyard,aggressive,False,58.88,5.6,11,51.74,1
8119,8,P.E.K.K.A,aggressive,True,42.53,4.4,14,67.59,0
2280,5,X-Bow,balanced,False,43.11,3.4,12,39.4,1
3152,18,X-Bow,balanced,True,56.22,6.6,11,83.2,0
2592,9,Lava Hound,passive,True,48.9,5.6,13,37.96,1
2066,6,Graveyard,passive,False,49.25,5.7,11,26.33,0
7650,12,Goblin Drill,balanced,False,43.34,4.2,12,75.25,1
4265,1,Royal Recruits,passive,False,54.07,6.5,12,34.47,0
4065,13,X-Bow,balanced,False,45.47,4.7,15,56.33,1
2297,13,Wall Breakers,aggressive,False,55.41,5.0,11,57.3,0
4999,18,X-Bow,passive,False,52.84,5.7,11,70.68,0
3512,1,Goblin Barrel,balanced,True,56.2,5.2,15,46.96,1
3424,17,Royal Hogs,aggressive,True,55.99,3.4,14,79.1,0
1814,18,Royal Hogs,balanced,True,40.75,3.5,13,67.07,1
8290,4,X-Bow,balanced,False,59.65,3.8,15,83.75,1
7746,7,Wall Breakers,aggressive,False,54.01,6.9,11,69.75,1
2082,9,Royal Giant,passive,True,55.84,4.7,14,46.09,0
1807,11,Wall Breakers,balanced,True,47.29,3.0,13,53.03,1
1480,9,Goblin Barrel,balanced,False,51.1,2.4,15,42.6,1
8086,7,P.E.K.K.A,aggressive,True,51.98,6.3,11,72.39,0
3468,5,X-Bow,aggressive,False,55.8,3.2,12,51.94,1
5653,19,Mega Knight,passive,False,45.38,2.7,12,74.27,1
7784,15,X-Bow,balanced,False,45.7,2.2,14,84.92,0
6482,9,Wall Breakers,balanced,True,44.55,3.2,15,70.41,0
6182,8,Golem,passive,False,57.42,4.9,12,64.75,0
2603,2,Elixir Golem,aggressive,False,52.01,2.2,14,32.03,1
2359,9,Royal Hogs,aggressive,True,51.54,5.8,14,43.88,1
2849,11,Golem,balanced,False,56.23,5.1,14,59.7,1
8001,13,Goblin Barrel,passive,False,50.48,2.5,13,73.96,0
5259,20,Giant Skeleton,passive,False,47.26,2.5,11,75.3,0
2926,1,Mega Knight,passive,True,53.8,2.7,13,36.23,0
4873,18,Mega Knight,passive,True,52.7,4.7,13,72.77,0
1895,8,X-Bow,balanced,False,43.23,6.7,13,37.48,0
8111,7,Wall Breakers,aggressive,True,40.31,3.9,15,69.56,0
7277,16,Hog Rider,aggressive,True,57.24,5.9,13,94.86,0
6481,11,Royal Giant,balanced,False,56.83,5.3,14,79.06,0
5391,15,Elixir Golem,balanced,False,50.57,6.7,15,68.09,0
1158,10,Lava Hound,aggressive,True,57.94,6.4,11,55.67,0
3621,11,Mega Knight,balanced,False,57.64,3.4,14,71.39,0
5320,19,Lava Hound,aggressive,False,45.28,2.6,12,77.6,0
2972,6,X-Bow,balanced,False,47.43,2.8,13,43.86,1
4753,17,Royal Hogs,aggressive,True,59.07,2.0,15,90.91,0
1924,6,X-Bow,passive,True,43.86,2.7,14,32.62,1
6204,1,Wall Breakers,aggressive,False,48.55,5.1,11,42.02,0
4939,12,Giant Skeleton,passive,True,45.73,2.1,14,59.7,0
3344,16,Mega Knight,balanced,True,45.31,3.6,13,70.72,0
7182,3,Mega Knight,passive,True,56.66,3.1,12,68.23,1
5107,7,Lava Hound,balanced,True,54.76,2.5,12,72.05,0
4854,14,X-Bow,passive,False,42.63,6.2,15,52.27,0
1407,18,Royal Recruits,balanced,True,40.99,3.1,12,66.03,0
1957,16,Elixir Golem,balanced,False,58.75,6.2,11,73.28,1
7168,9,X-Bow,passive,False,45.67,2.9,12,61.84,1
2228,3,Golem,aggressive,False,54.58,5.0,12,34.3,0
5520,8,Royal Hogs,passive,False,59.9,2.9,12,71.4,0
1918,11,Wall Breakers,aggressive,False,44.3,4.3,12,39.59,1
2975,13,Graveyard,balanced,False,56.47,6.0,15,63.81,0
6262,1,Wall Breakers,aggressive,True,47.42,4.5,11,47.31,1
1200,9,Giant Skeleton,passive,False,41.5,5.6,11,28.0,1
8647,18,Mega Knight,aggressive,True,50.97,6.3,14,92.17,0
2948,3,Goblin Barrel,balanced,True,57.27,6.0,13,52.28,1
8201,2,Goblin Barrel,balanced,True,42.81,7.0,15,60.01,1
4827,9,Hog Rider,aggressive,True,40.53,2.4,15,57.14,1
1818,5,Goblin Barrel,balanced,False,48.27,5.1,15,29.09,1
2518,8,Goblin Barrel,balanced,False,44.95,3.3,11,47.59,0
4879,11,Graveyard,aggressive,True,57.27,5.4,11,74.94,1
4873,6,Golem,aggressive,False,49.49,6.5,12,44.37,1
6638,14,Lava Hound,passive,False,47.37,4.4,15,61.19,1
2072,17,Wall Breakers,balanced,True,50.37,5.3,11,64.1,0
1776,20,Royal Hogs,aggressive,True,46.38,2.2,13,65.88,1
5788,4,Royal Recruits,balanced,True,46.44,2.7,14,57.94,0
3134,17,Golem,balanced,True,57.57,2.4,13,86.81,0
4876,11,Giant Skeleton,aggressive,False,52.85,3.9,11,66.08,0
5969,20,Lava Hound,balanced,False,49.99,2.4,12,87.84,0
7772,13,Goblin Drill,aggressive,False,43.27,6.4,11,73.86,0
8398,7,Golem,balanced,True,44.07,2.6,15,75.99,0
4253,5,Mega Knight,passive,True,44.62,3.0,14,42.27,0
2395,19,P.E.K.K.A,passive,False,52.41,5.8,15,54.79,1
6275,16,Royal Hogs,aggressive,True,54.02,3.5,11,90.42,0
3416,19,Royal Recruits,passive,True,43.62,3.4,11,69.08,0
3812,18,Wall Breakers,aggressive,True,54.44,6.9,13,75.94,0
3090,17,Giant Skeleton,passive,False,44.04,5.9,15,49.45,0
7833,6,X-Bow,balanced,True,40.84,6.6,11,70.16,1
7794,2,Giant Skeleton,aggressive,False,53.9,4.6,13,57.77,0
4889,19,Goblin Drill,passive,True,47.87,3.1,11,76.44,1
2752,10,Giant Skeleton,aggressive,False,55.25,6.8,12,52.26,0
4081,0,P.E.K.K.A,passive,True,47.12,6.5,15,25.41,1
6496,16,X-Bow,balanced,False,59.72,4.4,13,95.92,0
1035,4,X-Bow,passive,True,59.09,2.3,11,45.36,1
6282,10,Graveyard,balanced,True,47.1,3.6,15,71.41,0
4229,4,Goblin Drill,balanced,False,45.65,4.7,13,41.14,1
8728,17,Hog Rider,passive,True,55.42,6.1,12,96.48,0
1756,18,Wall Breakers,passive,True,40.57,5.2,12,52.78,1
8738,12,Elixir Golem,passive,True,49.29,7.0,11,76.69,0
2763,16,Goblin Drill,aggressive,False,58.49,4.0,14,73.8,1
6024,11,Wall Breakers,passive,True,52.94,2.1,13,70.0,0
8043,12,Wall Breakers,aggressive,True,44.75,6.1,11,78.22,0
2830,5,Mega Knight,balanced,False,47.15,6.1,15,34.15,1
2796,20,Royal Recruits,balanced,True,46.59,5.7,12,71.98,0
6931,1,Royal Recruits,aggressive,True,49.96,2.2,15,51.66,1
8693,13,Elixir Golem,balanced,False,47.13,3.2,13,86.47,0
4276,3,Wall Breakers,balanced,True,50.07,2.2,15,47.52,1
8150,9,Elixir Golem,balanced,True,56.33,5.2,15,86.41,0
4090,8,X-Bow,balanced,True,41.61,4.3,13,53.45,0
8471,5,Goblin Drill,balanced,True,57.88,5.1,13,85.12,0
6033,18,Elixir Golem,aggressive,False,57.49,6.5,11,90.14,0
5332,17,Golem,aggressive,True,44.68,5.2,14,71.66,0
3733,1,Wall Breakers,passive,True,42.48,2.9,11,34.66,1
7762,6,Royal Giant,passive,False,49.96,6.6,13,52.81,0
1476,9,Elixir Golem,passive,True,51.07,6.8,14,33.52,1
1120,15,Wall Breakers,passive,True,48.39,4.3,13,42.6,1
5372,8,Hog Rider,balanced,True,42.94,2.3,14,63.86,0
6420,5,Royal Hogs,balanced,False,40.23,4.7,15,52.1,1
8082,11,Goblin Barrel,passive,False,48.94,3.2,12,70.41,0
7462,3,Royal Giant,balanced,True,54.3,4.1,11,70.91,0
6397,0,Goblin Barrel,balanced,True,58.63,3.8,14,70.25,0
1831,15,Royal Recruits,balanced,False,57.22,6.6,14,64.59,1
6833,18,Mega Knight,balanced,True,44.96,6.9,14,86.16,1
1028,9,Goblin Barrel,balanced,False,41.77,6.2,11,37.14,1
1017,20,X-Bow,balanced,True,56.77,4.7,15,73.62,0
4369,0,Royal Giant,aggressive,True,56.23,5.2,15,44.3,0
5267,13,Royal Giant,passive,True,56.52,6.1,15,70.38,1
3029,16,Lava Hound,balanced,True,47.87,4.8,14,63.14,1
2929,12,Graveyard,aggressive,False,55.58,5.1,12,57.8,0
1638,17,Wall Breakers,aggressive,False,59.16,3.0,11,74.51,0
2462,20,Royal Recruits,balanced,True,50.82,6.2,11,72.95,0
8460,7,Royal Recruits,balanced,False,53.81,6.3,13,75.92,1
4264,16,Golem,aggressive,False,46.1,5.1,12,61.32,1
2860,2,P.E.K.K.A,passive,False,48.96,6.6,11,22.3,1
4410,10,Goblin Barrel,aggressive,True,49.65,2.2,11,61.05,0
3729,6,Graveyard,passive,False,40.63,3.9,13,37.64,1
8518,5,Royal Hogs,aggressive,False,57.09,6.2,13,73.77,0
7270,16,Wall Breakers,passive,False,52.49,2.9,12,81.33,0
1347,19,X-Bow,aggressive,True,52.79,5.5,11,64.31,0
3527,12,Giant Skeleton,balanced,True,41.61,4.4,12,59.64,0
5624,17,P.E.K.K.A,passive,False,57.77,3.6,12,85.66,0
5208,17,Hog Rider,balanced,True,53.33,3.1,13,88.7,0
7745,10,Lava Hound,aggressive,True,46.34,2.7,11,77.72,0
3111,8,Giant Skeleton,passive,True,56.69,3.4,14,55.93,1
8158,6,Royal Recruits,passive,False,47.22,7.0,11,56.79,0
4451,4,Royal Giant,aggressive,True,40.93,3.7,11,49.25,0
1956,8,Royal Recruits,aggressive,True,59.04,4.8,15,53.86,0
6414,11,P.E.K.K.A,aggressive,True,58.81,6.8,12,84.69,0
4461,20,Elixir Golem,balanced,False,57.06,4.4,15,86.43,0
3182,16,Royal Recruits,aggressive,True,43.59,6.1,14,58.91,0
3294,0,Golem,balanced,False,55.2,4.2,12,39.87,0
3932,19,Golem,balanced,False,57.41,3.1,12,90.48,0
4485,16,Lava Hound,passive,False,44.93,6.2,13,56.42,0
6092,7,Royal Giant,passive,True,48.07,2.3,14,55.46,1
1931,13,Goblin Barrel,aggressive,False,54.74,6.7,14,51.14,0
2924,7,Royal Giant,balanced,True,56.03,4.9,12,58.68,0
4601,17,Wall Breakers,aggressive,False,53.84,6.5,15,69.69,1
4237,0,Mega Knight,passive,False,57.7,5.2,13,38.59,0
6819,12,X-Bow,aggressive,False,50.12,4.8,13,65.33,0
3904,12,Goblin Drill,passive,True,49.38,2.3,12,56.52,0
8608,15,Royal Recruits,passive,True,43.67,6.6,11,82.04,1
7972,15,Golem,aggressive,True,55.66,2.9,12,99.18,0
3573,12,Lava Hound,aggressive,True,42.58,3.3,11,60.87,1
6701,7,Elixir Golem,aggressive,False,45.27,3.4,13,59.51,1
4239,18,Goblin Barrel,passive,True,58.1,5.1,14,79.4,0
2096,18,Wall Breakers,aggressive,False,48.7,6.2,14,52.48,0
6730,5,Elixir Golem,balanced,True,50.14,5.4,15,58.93,0
6409,16,Goblin Barrel,passive,False,49.81,2.6,11,73.05,0
7383,6,Lava Hound,passive,True,48.39,5.3,14,54.91,1
5228,20,Mega Knight,aggressive,False,50.73,6.2,11,76.6,1
6750,12,Golem,aggressive,True,43.31,4.6,14,68.75,1
3503,6,Royal Recruits,aggressive,False,43.28,2.6,14,40.52,1
7279,16,X-Bow,balanced,False,40.69,5.5,14,79.4,0
2133,20,Goblin Barrel,aggressive,False,51.65,6.7,11,62.96,0
6222,15,P.E.K.K.A,balanced,False,55.67,6.8,14,83.45,0
5983,15,Goblin Barrel,passive,False,52.8,5.7,11,69.51,1
6077,3,Golem,passive,True,44.58,5.6,15,41.39,1
7896,7,Royal Hogs,balanced,True,46.53,6.6,12,71.48,0
3736,2,Mega Knight,passive,False,44.09,7.0,13,24.68,1
8846,15,Wall Breakers,aggressive,False,55.19,6.8,14,90.61,0
1097,5,Royal Recruits,balanced,True,47.89,3.9,14,36.48,1
3074,19,Mega Knight,aggressive,False,50.6,3.3,11,68.57,0
3505,9,Goblin Drill,balanced,False,45.19,2.8,13,52.53,0
4052,1,P.E.K.K.A,aggressive,True,49.03,4.9,14,33.26,1
8500,1,P.E.K.K.A,balanced,True,40.33,6.2,11,63.5,0
3267,8,Mega Knight,aggressive,True,47.34,3.9,14,48.34,0
2725,12,Goblin Barrel,balanced,True,52.64,3.0,14,63.91,0
2800,20,Elixir Golem,balanced,True,43.58,4.1,13,71.0,0
4213,18,X-Bow,passive,True,52.52,3.4,15,72.11,0
7948,13,Wall Breakers,balanced,True,45.56,3.8,11,89.74,0
1829,0,Royal Recruits,balanced,True,55.24,6.6,15,34.62,0
8022,7,Goblin Barrel,balanced,True,59.81,4.0,14,94.73,0
2654,19,Royal Giant,passive,False,48.55,4.0,11,60.27,1
5946,19,Mega Knight,passive,True,41.93,2.3,12,80.73,0
5257,10,Mega Knight,balanced,True,51.37,6.9,15,64.02,1
3244,9,Goblin Drill,aggressive,False,43.36,4.9,12,42.22,1
7249,15,Mega Knight,balanced,True,43.04,2.4,12,89.25,0
2231,4,Royal Giant,aggressive,False,57.46,2.5,15,44.08,1
5549,6,Goblin Drill,balanced,True,59.4,4.5,14,74.55,0
1555,13,Mega Knight,balanced,True,55.6,6.7,13,61.98,1
4800,7,Goblin Drill,passive,True,43.91,3.3,11,52.0,1
7293,11,Hog Rider,passive,False,40.13,2.0,13,65.47,1
4882,16,Graveyard,aggressive,False,47.6,3.3,11,70.41,1
4048,1,Royal Hogs,passive,False,49.98,2.0,11,31.24,0
1414,20,Hog Rider,aggressive,True,59.39,6.5,13,77.85,0
2961,16,Goblin Drill,balanced,False,55.18,3.0,13,74.16,1
8472,10,Giant Skeleton,passive,True,52.05,5.8,11,75.46,0
6625,11,Royal Giant,passive,False,41.2,6.5,11,59.12,0
1200,20,Hog Rider,aggressive,False,53.45,4.4,11,61.9,0
3673,6,Royal Recruits,passive,False,42.78,5.9,11,34.37,1
8653,11,Goblin Drill,aggressive,False,44.64,2.3,14,76.27,1
5371,16,Elixir Golem,aggressive,False,46.77,2.8,11,72.86,0
7801,13,Goblin Barrel,passive,True,43.68,4.6,12,73.0,1
7448,13,Mega Knight,balanced,True,43.3,4.3,13,80.24,1
6009,17,X-Bow,balanced,False,41.76,6.2,14,75.05,0
2770,2,P.E.K.K.A,balanced,False,48.18,4.0,15,32.85,1
5504,18,Royal Giant,balanced,True,56.19,6.2,12,93.9,0
6262,12,Wall Breakers,balanced,False,48.55,5.0,11,69.31,0
6951,17,Graveyard,passive,True,49.87,5.1,12,76.75,0
1987,1,Royal Giant,balanced,False,40.89,5.1,14,22.94,1
5140,19,P.E.K.K.A,passive,True,49.98,6.3,14,69.7,0
4173,4,Mega Knight,aggressive,False,42.93,4.0,15,38.87,1
4432,6,Royal Giant,passive,True,47.33,6.7,15,39.16,1
4613,2,Elixir Golem,aggressive,True,42.46,4.1,13,39.06,0
4027,9,Lava Hound,passive,False,46.41,3.9,12,46.14,1
5113,14,Hog Rider,passive,True,54.86,4.3,13,70.28,0
3026,11,Royal Hogs,aggressive,True,43.42,5.3,14,48.13,1
8936,9,X-Bow,aggressive,True,50.56,3.1,12,81.8,0
3937,18,Wall Breakers,passive,True,42.66,6.8,12,63.69,1
8156,2,Giant Skeleton,passive,False,58.21,6.1,15,61.2,1
5037,10,Giant Skeleton,balanced,True,47.33,6.9,11,64.19,0
1370,16,P.E.K.K.A,passive,False,50.28,2.8,12,47.41,1
8816,4,Golem,balanced,True,47.01,4.5,14,68.08,0
4658,17,Royal Giant,passive,False,55.97,5.1,11,73.23,0
5848,16,Elixir Golem,balanced,False,42.28,6.9,14,72.24,0
7479,13,Mega Knight,aggressive,False,52.15,5.3,15,72.7,1
6538,5,Royal Hogs,balanced,True,53.99,5.9,11,69.67,1
7314,9,Elixir Golem,balanced,True,45.89,6.9,14,70.57,0
6539,13,Goblin Barrel,balanced,True,44.88,4.7,15,73.69,0
4215,12,Hog Rider,balanced,False,40.37,3.9,14,61.08,1
3436,5,Giant Skeleton,balanced,True,47.83,2.8,15,47.18,1
3051,10,P.E.K.K.A,balanced,True,51.46,5.8,14,54.18,1
5997,15,Goblin Barrel,passive,False,56.48,2.9,12,80.94,0
1824,6,Goblin Drill,balanced,True,55.59,3.6,13,54.3,1
4465,13,Royal Giant,aggressive,True,40.36,5.6,14,59.33,0
2791,20,Lava Hound,aggressive,True,51.67,5.2,11,71.3,0
7482,2,Goblin Drill,passive,False,41.28,4.8,12,44.41,1
4422,18,Royal Recruits,balanced,True,57.49,4.7,13,90.09,0
4878,14,Hog Rider,passive,True,49.25,5.0,13,59.39,0
1279,14,Graveyard,aggressive,True,51.68,6.2,11,51.76,1
3162,11,P.E.K.K.A,balanced,False,44.12,3.4,13,54.81,1
6298,1,Hog Rider,passive,False,56.11,6.6,13,47.71,1
2928,13,Graveyard,balanced,True,51.94,6.3,12,62.52,1
2777,0,Goblin Barrel,aggressive,False,50.41,5.0,15,19.7,0
8869,17,Graveyard,passive,True,50.16,3.2,12,91.66,0
7784,10,P.E.K.K.A,aggressive,False,45.61,6.9,11,67.92,0
6831,10,X-Bow,balanced,True,52.09,3.6,14,79.34,1
4997,20,Royal Recruits,passive,False,43.6,6.3,14,65.98,0
6483,3,Hog Rider,aggressive,False,56.93,2.8,13,64.28,1
2192,1,Hog Rider,balanced,True,56.73,6.5,15,41.42,0
7165,12,Royal Giant,aggressive,True,52.83,5.5,15,75.48,0
2296,15,Giant Skeleton,aggressive,False,43.04,3.3,14,52.48,0
5373,15,X-Bow,balanced,False,46.0,6.9,14,67.87,1
4251,17,Goblin Barrel,aggressive,False,44.79,2.6,11,69.25,0
8982,10,Goblin Drill,balanced,False,44.0,2.6,13,81.91,0
2879,9,Giant Skeleton,passive,False,45.22,4.1,13,34.39,1
6785,19,Royal Recruits,passive,True,47.22,5.6,12,79.92,0
3588,15,Goblin Barrel,balanced,False,56.95,5.3,15,71.84,0
1360,3,Goblin Barrel,aggressive,False,51.11,5.8,15,20.02,1
5350,20,Golem,aggressive,True,54.92,5.0,14,87.59,0
2946,18,Elixir Golem,passive,True,49.21,6.2,15,55.73,1
7658,1,Hog Rider,balanced,True,53.93,5.3,11,67.15,0
3471,11,Elixir Golem,passive,False,40.4,3.7,11,48.36,0
5758,4,Lava Hound,balanced,True,54.73,7.0,14,62.25,0
3461,10,Giant Skeleton,aggressive,True,44.44,5.0,13,49.3,0
1008,2,X-Bow,passive,True,50.72,6.8,13,17.48,1
7872,13,Royal Hogs,aggressive,False,41.77,6.1,15,70.36,0
2139,2,Mega Knight,passive,True,53.23,2.9,13,33.15,1
4021,11,Goblin Barrel,balanced,False,49.11,2.8,12,60.11,1
7005,11,X-Bow,balanced,True,51.34,6.2,12,77.71,1
1648,4,Royal Hogs,passive,True,40.2,2.2,14,27.24,1
7367,0,Lava Hound,balanced,True,53.27,4.0,11,67.38,0
2609,1,Goblin Drill,aggressive,True,46.23,3.8,15,30.05,1
1525,12,Golem,passive,False,45.0,6.6,14,32.62,1
3705,8,Royal Giant,aggressive,False,53.06,3.3,11,54.65,0
7095,15,Golem,balanced,False,41.16,3.8,15,80.47,0
2209,10,Goblin Drill,aggressive,False,54.23,2.7,14,50.5,1
1349,6,Elixir Golem,balanced,False,41.07,3.8,11,37.75,1
3843,15,Elixir Golem,passive,False,57.46,4.6,11,68.14,0
7892,9,Graveyard,balanced,False,58.72,5.2,11,88.9,0
5590,10,Giant Skeleton,balanced,False,43.17,2.5,15,62.95,0
5301,9,Mega Knight,balanced,True,49.72,5.1,12,62.5,1
2559,6,Golem,balanced,False,46.54,4.9,11,38.8,0
3114,20,Graveyard,aggressive,True,44.26,2.9,11,74.57,1
8926,4,Graveyard,balanced,False,59.83,6.5,14,83.29,0
7585,13,Wall Breakers,passive,True,42.17,2.0,12,76.93,0
1313,9,X-Bow,aggressive,True,45.13,3.6,13,41.56,1
1968,6,Royal Giant,aggressive,True,52.67,5.0,15,37.18,0
5831,12,Royal Giant,balanced,False,52.3,3.6,12,75.75,0
4813,17,Goblin Barrel,balanced,True,46.84,6.6,11,77.06,0
6983,16,Royal Giant,passive,True,53.19,4.8,13,80.29,0
3354,5,Royal Recruits,passive,False,43.55,2.5,14,32.77,0
2280,2,Wall Breakers,passive,False,45.52,3.4,12,23.4,0
7709,4,Lava Hound,passive,False,46.58,5.4,11,50.55,1
7874,3,Wall Breakers,balanced,True,57.41,3.7,14,81.19,0
5362,19,Goblin Barrel,passive,True,51.66,5.3,12,76.13,1
1141,13,Wall Breakers,aggressive,False,40.58,6.6,11,40.7,0
2266,3,Mega Knight,aggressive,True,40.31,3.0,13,34.33,1
4392,7,Hog Rider,balanced,True,49.43,6.9,14,51.96,0
2637,0,P.E.K.K.A,passive,False,58.04,3.6,12,37.27,0
6743,1,Elixir Golem,passive,False,52.31,3.1,11,49.34,0
3343,19,Royal Recruits,aggressive,True,58.47,6.0,14,82.66,0
3760,9,Hog Rider,balanced,True,42.42,5.0,15,51.8,0
3586,15,Goblin Barrel,aggressive,False,53.77,5.6,12,63.47,0
6871,8,Goblin Drill,balanced,False,53.34,2.9,15,72.04,0
8287,2,Giant Skeleton,passive,False,53.57,2.4,11,61.58,1
5186,7,P.E.K.K.A,passive,False,58.94,3.3,11,66.81,1
7466,12,Elixir Golem,balanced,True,53.25,6.4,12,85.83,0
2536,4,Graveyard,passive,True,52.45,5.9,14,31.58,1
4307,14,Royal Hogs,passive,False,44.47,6.7,15,49.53,0
6648,7,Royal Recruits,balanced,False,58.38,6.0,13,76.0,0
8983,9,Goblin Barrel,aggressive,False,46.35,4.1,13,69.91,1
2440,9,Goblin Drill,balanced,False,50.89,2.4,15,46.98,1
6343,11,Goblin Barrel,aggressive,True,45.01,4.1,13,65.72,1
1016,18,Royal Giant,balanced,False,46.15,4.9,13,53.08,0
2490,14,Elixir Golem,aggressive,False,51.51,6.4,14,49.47,0
8982,0,P.E.K.K.A,aggressive,False,40.6,4.3,11,53.91,1
4323,1,Wall Breakers,balanced,True,47.61,5.1,13,40.62,1
7302,18,Elixir Golem,aggressive,False,50.93,6.2,12,82.37,0
4437,8,Elixir Golem,balanced,True,44.74,5.5,14,54.19,0
7077,0,Mega Knight,aggressive,True,54.04,5.1,13,55.46,0
1272,11,Elixir Golem,aggressive,False,54.2,3.9,15,46.76,1
4873,10,Goblin Barrel,balanced,False,56.17,5.4,11,70.71,1
7939,11,Giant Skeleton,passive,False,42.66,5.4,12,64.69,0
3406,9,Elixir Golem,aggressive,True,58.46,2.7,15,66.95,0
5331,16,Goblin Barrel,aggressive,True,58.04,4.5,12,87.73,0
4948,15,Giant Skeleton,balanced,True,54.8,2.9,12,87.34,0
4543,18,Wall Breakers,aggressive,True,46.54,5.9,11,72.72,0
1677,20,Giant Skeleton,balanced,True,56.66,4.8,12,79.7,1
4454,13,X-Bow,aggressive,False,58.28,5.2,15,69.83,0
1475,4,Royal Hogs,passive,False,48.79,5.4,15,15.38,1
3551,18,Giant Skeleton,passive,True,51.61,5.7,14,62.97,0
7283,17,Elixir Golem,balanced,False,58.63,4.4,14,98.67,0
3962,4,Mega Knight,passive,False,45.72,3.8,15,32.81,0
6989,13,Royal Recruits,aggressive,False,54.73,4.3,15,75.4,1
2499,15,Golem,passive,True,41.35,3.8,11,56.5,1
3487,10,Golem,aggressive,False,53.46,5.0,14,50.36,0
8201,4,Golem,passive,False,51.22,6.9,13,53.45,1
7695,3,Elixir Golem,aggressive,False,53.76,2.4,13,63.99,0
4916,4,Royal Giant,balanced,True,46.4,5.8,15,47.58,1
2765,4,Royal Hogs,aggressive,True,57.44,5.1,12,49.7,0
4706,1,Wall Breakers,aggressive,True,45.4,4.2,12,38.53,1
1208,9,Goblin Drill,aggressive,False,58.57,2.6,11,55.18,1
7629,13,Royal Recruits,balanced,True,42.21,4.3,11,83.15,0
1686,11,Wall Breakers,aggressive,False,48.96,4.9,14,36.43,1
6998,19,Wall Breakers,balanced,False,56.27,5.4,12,98.53,0
8993,8,Royal Giant,balanced,True,42.38,5.2,14,76.97,0
8540,13,Royal Giant,aggressive,False,51.98,2.1,13,84.66,0
2229,2,Graveyard,passive,True,41.25,2.1,14,26.14,0
5543,16,Goblin Drill,aggressive,False,46.3,3.7,11,73.72,0
5798,8,P.E.K.K.A,aggressive,False,42.94,2.5,15,54.99,1
2103,15,Royal Recruits,passive,True,47.51,6.7,14,46.52,0
7937,18,Lava Hound,passive,True,54.77,4.1,15,90.23,1
1246,2,P.E.K.K.A,passive,True,44.66,5.3,14,16.23,1
8666,6,Goblin Drill,passive,True,54.46,6.3,14,70.25,1
4845,14,Wall Breakers,passive,True,54.63,6.3,14,67.49,1
2177,14,Giant Skeleton,balanced,True,41.91,5.1,13,55.88,1
3446,0,Elixir Golem,aggressive,True,40.17,3.9,13,34.23,1
8671,3,Golem,balanced,False,51.39,2.4,11,71.14,1
1388,5,Golem,balanced,False,54.83,6.6,12,39.6,1
8527,10,Elixir Golem,passive,True,55.35,3.6,14,84.33,0
8279,16,Giant Skeleton,aggressive,False,53.37,4.3,11,89.14,0
3933,10,Giant Skeleton,aggressive,True,55.71,5.7,11,65.09,0
1188,18,Golem,passive,False,40.36,5.7,13,43.94,1
1376,12,X-Bow,passive,False,47.59,3.4,12,38.88,1
5351,4,Hog Rider,passive,True,59.08,5.5,13,59.91,0
6232,19,Giant Skeleton,balanced,True,43.56,2.3,15,89.16,0
1502,0,Mega Knight,balanced,True,46.93,6.0,11,26.51,1
5392,3,Graveyard,aggressive,True,47.97,2.8,11,51.96,0
6750,18,Hog Rider,aggressive,True,52.02,4.4,13,85.79,1
7730,18,Graveyard,aggressive,False,50.88,6.2,15,81.41,0
2849,1,Hog Rider,aggressive,True,45.2,4.8,14,27.25,0
6154,17,Royal Hogs,balanced,False,45.16,4.8,14,75.77,0
2655,8,X-Bow,aggressive,True,47.71,3.1,11,48.27,1
7898,0,Elixir Golem,balanced,True,41.57,5.4,13,56.49,0
8135,7,Lava Hound,passive,True,45.78,6.9,13,61.68,0
3975,20,Goblin Drill,aggressive,True,41.96,4.8,13,71.88,0
8778,6,Mega Knight,aggressive,False,58.7,6.2,13,80.29,0
7992,3,Elixir Golem,balanced,False,48.37,4.9,15,55.96,1
4310,17,Graveyard,balanced,True,47.44,6.7,14,71.55,0
4303,10,Wall Breakers,balanced,True,44.11,5.0,11,60.52,1
1167,8,Mega Knight,balanced,False,52.5,6.8,13,38.84,1
7029,5,Hog Rider,aggressive,True,59.53,2.7,12,82.21,0
1723,18,Goblin Barrel,aggressive,False,41.46,6.3,13,51.62,0
1893,13,Lava Hound,passive,True,58.05,2.5,13,63.56,0
8160,10,Golem,balanced,False,54.72,2.7,13,87.24,1
5533,0,Lava Hound,passive,True,51.64,3.6,13,42.95,0
5746,6,P.E.K.K.A,balanced,False,59.41,2.7,14,75.55,0
6164,9,Lava Hound,aggressive,False,50.22,2.0,12,62.26,0
5676,5,Wall Breakers,passive,False,48.32,2.2,11,47.38,1
5487,9,Lava Hound,aggressive,True,47.82,5.8,14,56.44,1
8045,14,X-Bow,aggressive,True,40.39,5.2,12,81.22,0
3303,3,Hog Rider,aggressive,True,51.97,3.5,14,42.45,1
5215,17,Royal Giant,aggressive,True,41.55,6.5,14,71.08,0
7774,17,Royal Hogs,balanced,True,53.8,4.1,12,98.47,0
3929,13,Lava Hound,passive,False,59.1,5.3,13,65.84,0
5448,0,Goblin Barrel,aggressive,False,55.81,4.0,14,49.86,0
1242,2,Giant Skeleton,balanced,False,46.7,4.9,14,21.21,1
7623,3,Goblin Barrel,balanced,True,51.07,2.7,15,66.26,1
1937,19,Wall Breakers,aggressive,True,50.34,3.5,13,65.37,1
4699,11,Royal Recruits,passive,True,55.04,2.4,15,65.58,0
5697,17,Elixir Golem,passive,False,53.57,2.9,12,77.62,1
3032,14,Royal Giant,balanced,True,42.1,2.5,11,67.16,1
5442,20,Hog Rider,passive,True,42.9,6.4,13,74.21,0
8184,3,Hog Rider,passive,True,46.57,2.1,12,59.92,1
8231,17,Hog Rider,balanced,False,51.67,3.9,14,94.5,1
3444,3,Graveyard,aggressive,False,59.03,5.5,14,47.28,1
4501,2,Graveyard,balanced,False,48.06,5.2,12,39.5,0
8852,14,Hog Rider,passive,False,54.71,5.0,11,85.68,1
2717,2,Lava Hound,balanced,True,46.97,5.8,11,36.59,0
1083,14,Goblin Barrel,passive,False,49.01,3.6,15,38.41,0
2661,16,Goblin Barrel,aggressive,False,41.13,2.7,15,55.3,1
6906,15,Elixir Golem,passive,True,59.16,4.9,14,88.85,0
3940,8,Lava Hound,passive,True,53.65,5.0,14,49.0,1
7299,15,Mega Knight,balanced,False,53.22,4.4,13,84.94,0
6985,20,X-Bow,balanced,True,42.62,6.0,15,89.93,0
6796,4,Royal Giant,aggressive,True,52.12,4.1,12,59.22,0
2223,12,Golem,passive,False,46.42,3.4,14,41.12,0
8205,17,X-Bow,passive,True,55.53,3.6,12,99.09,0
8620,0,Lava Hound,balanced,False,55.03,5.9,14,64.16,0
6893,19,Elixir Golem,aggressive,True,50.99,5.4,12,87.45,0
8237,4,Lava Hound,balanced,False,43.15,3.7,15,64.19,1
8788,16,Lava Hound,passive,False,45.85,6.2,11,79.94,0
5635,9,Giant Skeleton,aggressive,False,50.33,2.4,13,58.83,1
5469,2,Lava Hound,aggressive,True,48.46,4.5,15,41.34,0
6468,1,Goblin Drill,balanced,True,47.08,6.1,15,49.34,1
1825,18,Royal Recruits,balanced,True,51.96,6.4,13,66.05,1
7246,10,Wall Breakers,passive,True,42.48,2.2,15,66.23,1
8620,8,Royal Recruits,balanced,True,53.26,5.2,11,84.62,0
6461,7,Giant Skeleton,aggressive,True,44.84,6.7,12,59.3,0
7913,1,Goblin Barrel,aggressive,False,50.05,3.8,11,55.66,1
8501,0,Giant Skeleton,balanced,True,58.85,5.6,11,79.21,0
5728,14,Golem,balanced,False,41.81,3.7,15,71.64,1
6614,2,Mega Knight,aggressive,True,53.7,2.9,15,59.47,1
2641,2,Golem,aggressive,False,41.79,5.5,11,26.2,0
7942,11,Elixir Golem,passive,False,41.01,2.6,14,67.71,0
1318,10,Hog Rider,balanced,True,49.75,6.7,14,42.59,1
8767,10,Golem,passive,False,42.36,4.0,13,70.84,0
1269,14,P.E.K.K.A,aggressive,False,45.4,3.6,13,46.34,0
4640,2,Graveyard,passive,True,45.58,5.9,15,32.2,1
6572,18,Mega Knight,passive,True,56.71,6.3,11,91.28,0
1346,9,Royal Giant,passive,True,43.31,6.6,11,33.73,0
1015,8,Goblin Barrel,passive,False,40.9,6.5,14,22.07,1
7432,5,Royal Recruits,aggressive,False,40.11,6.0,11,56.16,1
8175,17,Lava Hound,passive,False,43.19,6.8,14,75.88,0
2794,3,Wall Breakers,balanced,False,58.74,2.5,12,55.45,0
6075,9,P.E.K.K.A,balanced,False,59.88,6.1,11,82.14,0
4184,11,Lava Hound,passive,False,46.76,5.7,13,44.92,1
2843,0,Mega Knight,passive,True,53.66,6.7,11,30.53,1
5851,11,Golem,balanced,True,41.44,6.3,14,67.25,0
3017,5,Goblin Drill,balanced,False,42.42,3.4,13,42.09,1
6472,2,Lava Hound,passive,True,59.73,4.5,14,61.82,1
4350,12,P.E.K.K.A,passive,False,41.45,3.5,12,53.75,0
5349,13,Elixir Golem,aggressive,True,49.27,5.9,13,64.75,0
8623,16,Goblin Barrel,balanced,True,48.52,4.2,14,91.12,1
6338,0,Giant Skeleton,balanced,True,48.56,3.4,13,53.69,0
5192,15,Royal Recruits,passive,True,42.7,5.9,11,64.96,0
1138,9,Lava Hound,balanced,False,57.68,6.6,12,52.05,0
7743,20,Giant Skeleton,aggressive,True,45.85,5.9,12,91.72,0
7539,9,Mega Knight,aggressive,True,54.1,6.0,13,75.89,0
6662,15,Elixir Golem,aggressive,False,56.34,4.9,12,83.99,0
7758,10,Goblin Barrel,aggressive,True,43.82,5.4,13,70.79,1
6634,10,Graveyard,passive,True,58.03,4.2,14,75.23,0
8530,13,X-Bow,balanced,True,50.63,2.3,15,89.91,0
2157,20,Mega Knight,passive,False,41.53,3.7,12,58.78,1
7803,7,Goblin Barrel,balanced,False,54.89,4.0,12,80.8,0
1964,9,Hog Rider,aggressive,False,57.88,3.6,15,53.58,1
3413,8,P.E.K.K.A,passive,False,45.76,5.1,14,34.06,1
1813,1,X-Bow,passive,False,57.43,3.5,15,30.92,1
1218,16,Goblin Drill,balanced,True,52.01,2.7,14,63.11,1
3914,14,Royal Hogs,passive,False,51.44,2.4,11,59.45,0
3364,18,Elixir Golem,aggressive,True,48.91,6.9,14,63.82,0
6057,8,Elixir Golem,balanced,True,42.25,6.7,11,65.28,0
2083,20,Elixir Golem,passive,False,48.12,4.5,15,50.41,1
7704,4,Golem,passive,True,45.25,6.2,12,54.52,0
6708,16,Elixir Golem,balanced,True,43.39,6.7,14,81.54,1
6729,13,Royal Recruits,aggressive,False,43.66,6.5,14,65.65,1
6471,15,Goblin Barrel,aggressive,True,48.63,4.1,12,75.36,0
5194,16,Golem,aggressive,True,59.17,4.3,13,88.31,1
8903,7,Graveyard,passive,False,52.4,6.5,14,64.31,0
3020,9,Elixir Golem,aggressive,False,54.97,5.7,14,49.04,0
3429,17,Golem,balanced,True,44.79,4.3,15,66.14,0
3748,12,Goblin Drill,passive,False,51.14,2.9,13,52.02,0
2687,19,Wall Breakers,passive,True,54.32,5.1,14,66.08,0
8572,8,Goblin Barrel,aggressive,False,56.01,3.4,15,80.88,0
1658,16,Royal Giant,passive,False,49.48,2.6,13,47.29,0
7047,8,Mega Knight,balanced,True,40.1,6.3,15,66.23,0
4314,14,Elixir Golem,balanced,False,58.81,2.9,14,83.19,0
6597,18,X-Bow,aggressive,True,41.37,5.4,12,81.98,0
3655,8,Elixir Golem,aggressive,False,56.44,6.2,12,55.16,0
5239,11,Royal Hogs,passive,False,52.33,5.7,15,52.85,1
5748,20,Elixir Golem,balanced,True,54.32,2.8,13,99.38,0
2565,14,Royal Recruits,passive,False,46.83,4.5,15,40.83,0
6239,4,P.E.K.K.A,balanced,False,45.52,2.2,14,55.2,0
3541,14,Mega Knight,aggressive,True,50.76,6.0,14,58.22,0
7038,1,Lava Hound,balanced,True,49.9,4.4,11,56.19,1
6298,7,Wall Breakers,aggressive,False,51.35,4.8,15,53.19,0
3969,14,X-Bow,passive,True,45.3,4.7,15,52.84,0
7584,18,Hog Rider,passive,True,40.68,4.2,11,82.92,1
6854,16,Royal Giant,aggressive,True,54.86,6.8,13,87.99,0
3926,12,Lava Hound,balanced,True,56.37,4.1,11,75.37,0
2723,1,Wall Breakers,balanced,True,55.35,6.7,12,44.32,1
8273,3,Royal Hogs,aggressive,False,54.61,6.4,13,63.59,1
5417,1,P.E.K.K.A,aggressive,False,41.63,4.3,12,37.09,1
3032,5,Goblin Barrel,aggressive,False,51.37,4.7,11,36.9,1
4625,15,Goblin Barrel,passive,True,54.46,2.6,11,76.05,1
1190,16,X-Bow,aggressive,True,52.4,4.6,15,52.75,1
3782,18,Graveyard,aggressive,True,40.27,3.2,15,69.91,0
5735,9,Goblin Drill,balanced,False,51.89,6.4,13,62.45,0
8565,11,Goblin Drill,aggressive,False,47.76,5.7,14,70.83,0
5486,19,Hog Rider,balanced,True,40.46,6.1,11,84.43,0
3115,12,Wall Breakers,passive,False,55.01,4.8,12,52.59,0
5286,20,Goblin Barrel,balanced,False,46.94,6.5,14,77.43,1
7233,3,Royal Hogs,aggressive,True,47.35,4.4,12,55.16,1
8077,18,Royal Giant,aggressive,False,48.47,4.5,12,84.38,0
3306,0,Wall Breakers,aggressive,True,44.26,3.2,12,34.53,1
8800,8,Wall Breakers,aggressive,True,46.31,2.1,14,76.0,0
3811,13,Elixir Golem,aggressive,True,55.53,3.6,14,72.12,1
2190,14,X-Bow,aggressive,True,54.8,4.3,14,59.55,0
7402,2,P.E.K.K.A,passive,False,52.31,5.1,13,47.63,1
1742,15,Goblin Barrel,passive,True,57.18,6.5,15,58.07,0
6383,19,X-Bow,passive,False,55.73,3.7,15,86.37,0
2286,4,P.E.K.K.A,balanced,False,58.03,3.0,14,51.49,1
5686,19,Hog Rider,balanced,False,42.77,6.7,11,80.43,0
5780,18,Royal Recruits,passive,True,50.11,2.6,14,76.12,1
3782,10,Lava Hound,balanced,False,54.45,4.1,12,60.81,0
1252,3,Elixir Golem,balanced,True,51.37,2.0,12,38.0,0
3581,4,Goblin Drill,balanced,False,47.31,6.4,11,39.91,0
3201,19,X-Bow,passive,False,55.77,6.1,13,67.55,0
4151,18,Giant Skeleton,balanced,False,59.3,3.6,13,92.35,0
5422,5,Royal Giant,balanced,True,58.57,6.3,11,73.25,0
8665,15,Elixir Golem,passive,False,57.31,3.6,12,95.95,0
6798,1,Royal Recruits,aggressive,False,46.98,4.3,13,42.99,1
2637,8,Wall Breakers,aggressive,False,42.28,2.8,12,42.19,0
7906,10,Wall Breakers,passive,True,51.31,3.7,12,75.15,0
7889,14,Giant Skeleton,aggressive,False,42.76,4.4,13,74.44,1
3142,14,Giant Skeleton,passive,False,54.62,3.4,14,58.95,0
2619,13,Hog Rider,passive,False,56.93,3.5,11,61.95,0
3013,18,X-Bow,balanced,True,51.72,3.7,11,78.5,0
5991,10,Royal Hogs,passive,True,55.41,3.2,15,70.77,0
4087,3,Mega Knight,balanced,True,49.58,4.9,11,45.44,0
3306,6,Graveyard,passive,True,42.4,6.3,12,36.53,1
1439,2,Graveyard,aggressive,False,48.85,6.5,13,18.2,1
7500,1,Mega Knight,passive,True,45.07,2.5,14,50.5,1
4871,8,Lava Hound,balanced,True,43.09,2.7,14,61.36,0
7868,12,Royal Giant,balanced,False,48.69,3.8,15,78.34,1
8827,5,Goblin Barrel,aggressive,False,51.87,2.5,13,69.87,1
5168,5,X-Bow,aggressive,False,48.99,3.2,14,46.84,1
3045,16,P.E.K.K.A,aggressive,False,47.1,6.2,14,53.23,0
6745,4,Royal Recruits,balanced,False,42.44,6.6,15,51.73,1
4239,12,Lava Hound,balanced,True,56.36,5.9,15,72.91,1
6893,20,Hog Rider,balanced,False,40.59,2.5,13,91.47,0
2626,17,Giant Skeleton,passive,True,56.17,4.3,13,66.47,0
6044,16,Goblin Drill,aggressive,True,43.12,6.1,12,75.22,0
3770,6,Goblin Barrel,aggressive,True,44.66,2.6,14,46.85,0
5293,9,Royal Giant,balanced,False,52.17,5.6,12,61.81,0
7496,6,Graveyard,balanced,False,51.24,3.4,11,70.96,0
8056,4,Goblin Barrel,balanced,False,56.79,2.5,15,76.86,0
7223,19,P.E.K.K.A,balanced,True,48.97,5.7,14,90.12,0
6164,1,Royal Hogs,balanced,True,48.94,2.2,11,56.82,1
7463,10,X-Bow,aggressive,True,53.28,3.1,15,78.88,0
6529,20,Goblin Drill,passive,False,52.38,2.5,12,85.41,0
8304,5,Mega Knight,passive,True,57.16,3.9,13,77.84,0
5824,18,Giant Skeleton,aggressive,True,54.06,5.6,15,83.24,0
3238,9,Goblin Barrel,balanced,False,50.18,2.5,15,49.55,1
6207,5,Hog Rider,balanced,True,40.54,2.2,11,65.03,0
8495,11,P.E.K.K.A,aggressive,False,49.38,6.9,15,69.47,0
4579,1,Golem,balanced,False,41.7,2.9,14,40.89,1
6527,15,Wall Breakers,aggressive,True,56.03,4.1,13,86.69,0
8330,1,Lava Hound,balanced,True,57.61,3.0,13,80.87,0
8159,3,Graveyard,passive,False,49.14,4.7,15,46.8,0
2955,14,Golem,aggressive,True,49.54,5.7,13,54.77,1
3645,2,Hog Rider,aggressive,True,52.71,3.0,11,46.65,0
8703,3,Hog Rider,balanced,False,41.45,6.7,11,63.52,1
7045,10,Royal Hogs,aggressive,True,40.99,6.1,14,66.22,1
5693,13,P.E.K.K.A,passive,True,52.47,4.3,11,68.41,0
8213,10,Elixir Golem,passive,False,45.63,2.3,12,69.06,0
7678,1,Hog Rider,passive,True,44.5,5.6,11,49.39,1
2002,15,P.E.K.K.A,aggressive,False,57.01,3.3,15,64.03,0
4447,19,Elixir Golem,balanced,True,42.24,5.9,11,79.23,1
3381,5,Goblin Barrel,balanced,False,44.38,3.1,15,41.91,1
2902,8,P.E.K.K.A,balanced,False,59.24,2.0,15,63.99,0
5924,9,Hog Rider,passive,True,40.89,2.9,11,61.62,1
2490,10,Lava Hound,aggressive,False,44.06,3.8,15,42.45,1
1700,4,Goblin Drill,passive,True,50.6,5.4,12,25.7,1
3598,19,P.E.K.K.A,passive,True,47.62,5.5,12,63.99,1
5620,3,P.E.K.K.A,aggressive,False,57.51,4.0,15,59.12,0
1924,8,Royal Recruits,passive,True,55.44,5.5,15,41.5,1
6353,18,Graveyard,balanced,True,51.85,2.1,12,94.47,0
5578,10,Elixir Golem,balanced,True,42.7,5.7,13,64.89,0
6492,5,Hog Rider,passive,True,44.24,3.1,12,55.46,0
4999,10,Goblin Barrel,aggressive,False,48.28,3.7,12,58.0,0
8705,11,Goblin Barrel,passive,False,52.24,2.2,12,78.01,1
7095,8,Goblin Drill,aggressive,False,53.24,6.5,11,66.96,1
3971,13,Royal Hogs,passive,False,52.38,5.6,13,52.62,1
2923,0,X-Bow,aggressive,False,59.66,6.6,15,38.93,0
1249,1,Royal Giant,passive,True,59.52,4.3,14,33.29,0
